Year,Country of Stay/Residence,Origin,OBS_VALUE
1975,Argentina,Australia,360
1975,Austria,Australia,700
1975,Bangladesh,Australia,50
1975,Belgium,Australia,410
1975,Brazil,Australia,340
1975,Cambodia,Australia,0
1975,Canada,Australia,7810
1975,Chile,Australia,230
1975,China,Australia,260
1975,Colombia,Australia,10
1975,Denmark,Australia,750
1975,Fiji,Australia,3580
1975,Finland,Australia,190
1975,France,Australia,2600
1975,Germany,Australia,6260
1975,Hong Kong,Australia,3960
1975,India,Australia,1480
1975,Indonesia,Australia,4840
1975,Iran,Australia,340
1975,Ireland,Australia,610
1975,Israel,Australia,750
1975,Italy,Australia,5180
1975,Japan,Australia,13220
1975,Malaysia,Australia,4250
1975,Mexico,Australia,300
1975,Nepal,Australia,50
1975,Netherlands,Australia,4520
1975,New Caledonia,Australia,3640
1975,New Zealand,Australia,84900
1975,Norway,Australia,350
1975,Pakistan,Australia,250
1975,Papua New Guinea,Australia,15170
1975,Philippines,Australia,1480
1975,Poland,Australia,330
1975,Saudi Arabia,Australia,10
1975,Singapore,Australia,4790
1975,South Africa,Australia,1990
1975,South Korea,Australia,490
1975,Spain,Australia,590
1975,Sri Lanka,Australia,310
1975,Sweden,Australia,1190
1975,Switzerland,Australia,1960
1975,Taiwan,Australia,540
1975,Thailand,Australia,1370
1975,United Arab Emirates,Australia,30
1975,United States of America,Australia,34780
1975,Vanuatu,Australia,580
1975,Vietnam,Australia,10
1976,Argentina,Australia,420
1976,Austria,Australia,1440
1976,Bangladesh,Australia,140
1976,Belgium,Australia,910
1976,Brazil,Australia,710
1976,Cambodia,Australia,0
1976,Canada,Australia,17420
1976,Chile,Australia,450
1976,China,Australia,450
1976,Colombia,Australia,60
1976,Denmark,Australia,1620
1976,Fiji,Australia,7990
1976,Finland,Australia,380
1976,France,Australia,4650
1976,Germany,Australia,12350
1976,Hong Kong,Australia,10440
1976,India,Australia,3600
1976,Indonesia,Australia,6370
1976,Iran,Australia,750
1976,Ireland,Australia,1410
1976,Israel,Australia,1190
1976,Italy,Australia,8490
1976,Japan,Australia,26870
1976,Malaysia,Australia,10200
1976,Mexico,Australia,720
1976,Nepal,Australia,50
1976,Netherlands,Australia,8930
1976,New Caledonia,Australia,7040
1976,New Zealand,Australia,148070
1976,Norway,Australia,840
1976,Pakistan,Australia,410
1976,Papua New Guinea,Australia,29070
1976,Philippines,Australia,2600
1976,Poland,Australia,720
1976,Saudi Arabia,Australia,400
1976,Singapore,Australia,9230
1976,South Africa,Australia,4010
1976,South Korea,Australia,1170
1976,Spain,Australia,970
1976,Sri Lanka,Australia,700
1976,Sweden,Australia,2260
1976,Switzerland,Australia,3750
1976,Taiwan,Australia,960
1976,Thailand,Australia,2680
1976,United Arab Emirates,Australia,90
1976,United States of America,Australia,75660
1976,Vanuatu,Australia,1080
1976,Vietnam,Australia,30
1977,Argentina,Australia,390
1977,Austria,Australia,1650
1977,Bangladesh,Australia,170
1977,Belgium,Australia,1230
1977,Brazil,Australia,580
1977,Canada,Australia,18030
1977,Chile,Australia,450
1977,China,Australia,470
1977,Colombia,Australia,50
1977,Denmark,Australia,1890
1977,Fiji,Australia,7790
1977,Finland,Australia,720
1977,France,Australia,5180
1977,Germany,Australia,15210
1977,Hong Kong,Australia,10010
1977,India,Australia,3370
1977,Indonesia,Australia,5980
1977,Iran,Australia,1250
1977,Ireland,Australia,1610
1977,Israel,Australia,1350
1977,Italy,Australia,8690
1977,Japan,Australia,30700
1977,Malaysia,Australia,10340
1977,Mexico,Australia,410
1977,Nepal,Australia,60
1977,Netherlands,Australia,10470
1977,New Caledonia,Australia,8100
1977,New Zealand,Australia,162560
1977,Norway,Australia,980
1977,Pakistan,Australia,480
1977,Papua New Guinea,Australia,24920
1977,Philippines,Australia,3000
1977,Poland,Australia,770
1977,Saudi Arabia,Australia,220
1977,Singapore,Australia,9730
1977,South Africa,Australia,5670
1977,South Korea,Australia,1460
1977,Spain,Australia,1050
1977,Sri Lanka,Australia,670
1977,Sweden,Australia,2480
1977,Switzerland,Australia,4490
1977,Taiwan,Australia,1370
1977,Thailand,Australia,3060
1977,United Arab Emirates,Australia,150
1977,United States of America,Australia,76200
1977,Vanuatu,Australia,1080
1977,Vietnam,Australia,30
1978,Argentina,Australia,880
1978,Austria,Australia,2140
1978,Bangladesh,Australia,180
1978,Belgium,Australia,1010
1978,Brazil,Australia,980
1978,Cambodia,Australia,30
1978,Canada,Australia,18990
1978,Chile,Australia,800
1978,China,Australia,630
1978,Colombia,Australia,150
1978,Denmark,Australia,1880
1978,Fiji,Australia,7360
1978,Finland,Australia,620
1978,France,Australia,5630
1978,Germany,Australia,18400
1978,Hong Kong,Australia,8880
1978,India,Australia,3300
1978,Indonesia,Australia,8110
1978,Iran,Australia,1320
1978,Ireland,Australia,1850
1978,Israel,Australia,1970
1978,Italy,Australia,9090
1978,Japan,Australia,34040
1978,Malaysia,Australia,10850
1978,Mexico,Australia,470
1978,Nepal,Australia,200
1978,Netherlands,Australia,11480
1978,New Caledonia,Australia,8170
1978,New Zealand,Australia,200190
1978,Norway,Australia,1060
1978,Pakistan,Australia,480
1978,Papua New Guinea,Australia,25460
1978,Philippines,Australia,3720
1978,Poland,Australia,1050
1978,Saudi Arabia,Australia,470
1978,Singapore,Australia,9320
1978,South Africa,Australia,6870
1978,South Korea,Australia,1610
1978,Spain,Australia,990
1978,Sri Lanka,Australia,680
1978,Sweden,Australia,3000
1978,Switzerland,Australia,4750
1978,Taiwan,Australia,2150
1978,Thailand,Australia,3140
1978,United Arab Emirates,Australia,110
1978,United States of America,Australia,80980
1978,Vanuatu,Australia,1100
1978,Vietnam,Australia,70
1979,Argentina,Australia,1070
1979,Austria,Australia,2570
1979,Bangladesh,Australia,220
1979,Belgium,Australia,1360
1979,Brazil,Australia,870
1979,Cambodia,Australia,0
1979,Canada,Australia,23230
1979,Chile,Australia,860
1979,China,Australia,1000
1979,Colombia,Australia,130
1979,Denmark,Australia,2160
1979,Fiji,Australia,8020
1979,Finland,Australia,740
1979,France,Australia,7480
1979,Germany,Australia,28800
1979,Hong Kong,Australia,11390
1979,India,Australia,4100
1979,Indonesia,Australia,8900
1979,Iran,Australia,710
1979,Ireland,Australia,2990
1979,Israel,Australia,2110
1979,Italy,Australia,10640
1979,Japan,Australia,41650
1979,Malaysia,Australia,10420
1979,Mexico,Australia,720
1979,Nepal,Australia,40
1979,Netherlands,Australia,16270
1979,New Caledonia,Australia,9440
1979,New Zealand,Australia,274420
1979,Norway,Australia,1280
1979,Pakistan,Australia,650
1979,Papua New Guinea,Australia,23690
1979,Philippines,Australia,4230
1979,Poland,Australia,1280
1979,Saudi Arabia,Australia,750
1979,Singapore,Australia,12580
1979,South Africa,Australia,9350
1979,South Korea,Australia,1920
1979,Spain,Australia,1220
1979,Sri Lanka,Australia,850
1979,Sweden,Australia,3750
1979,Switzerland,Australia,6630
1979,Taiwan,Australia,2670
1979,Thailand,Australia,3480
1979,United Arab Emirates,Australia,140
1979,United States of America,Australia,97020
1979,Vanuatu,Australia,1350
1979,Vietnam,Australia,140
1980,Argentina,Australia,1210
1980,Austria,Australia,3310
1980,Bangladesh,Australia,310
1980,Belgium,Australia,1660
1980,Brazil,Australia,1050
1980,Cambodia,Australia,0
1980,Canada,Australia,28490
1980,Chile,Australia,850
1980,China,Australia,1470
1980,Colombia,Australia,370
1980,Denmark,Australia,2690
1980,Fiji,Australia,9650
1980,Finland,Australia,780
1980,France,Australia,8120
1980,Germany,Australia,35370
1980,Hong Kong,Australia,14920
1980,India,Australia,4250
1980,Indonesia,Australia,12670
1980,Iran,Australia,410
1980,Ireland,Australia,3050
1980,Israel,Australia,2130
1980,Italy,Australia,12270
1980,Japan,Australia,48810
1980,Malaysia,Australia,16400
1980,Mexico,Australia,920
1980,Nepal,Australia,80
1980,Netherlands,Australia,18270
1980,New Caledonia,Australia,9540
1980,New Zealand,Australia,307120
1980,Norway,Australia,1370
1980,Pakistan,Australia,620
1980,Papua New Guinea,Australia,24340
1980,Philippines,Australia,4900
1980,Poland,Australia,1390
1980,Saudi Arabia,Australia,960
1980,Singapore,Australia,16430
1980,South Africa,Australia,9380
1980,South Korea,Australia,1590
1980,Spain,Australia,1110
1980,Sri Lanka,Australia,950
1980,Sweden,Australia,4520
1980,Switzerland,Australia,7730
1980,Taiwan,Australia,3590
1980,Thailand,Australia,4430
1980,United Arab Emirates,Australia,90
1980,United States of America,Australia,111380
1980,Vanuatu,Australia,1140
1980,Vietnam,Australia,50
1981,Argentina,Australia,1780
1981,Austria,Australia,3230
1981,Bangladesh,Australia,350
1981,Belgium,Australia,2040
1981,Brazil,Australia,1120
1981,Canada,Australia,30930
1981,Chile,Australia,860
1981,China,Australia,1710
1981,Colombia,Australia,380
1981,Denmark,Australia,2980
1981,Fiji,Australia,10630
1981,Finland,Australia,1050
1981,France,Australia,8370
1981,Germany,Australia,39040
1981,Hong Kong,Australia,17100
1981,India,Australia,4810
1981,Indonesia,Australia,15090
1981,Iran,Australia,170
1981,Ireland,Australia,3780
1981,Israel,Australia,1920
1981,Italy,Australia,12160
1981,Japan,Australia,53700
1981,Malaysia,Australia,20040
1981,Mexico,Australia,1030
1981,Nepal,Australia,170
1981,Netherlands,Australia,18010
1981,New Caledonia,Australia,8250
1981,New Zealand,Australia,284380
1981,Norway,Australia,1530
1981,Pakistan,Australia,550
1981,Papua New Guinea,Australia,24660
1981,Philippines,Australia,6980
1981,Poland,Australia,1610
1981,Saudi Arabia,Australia,1470
1981,Singapore,Australia,19630
1981,South Africa,Australia,11910
1981,South Korea,Australia,2210
1981,Spain,Australia,1200
1981,Sri Lanka,Australia,1210
1981,Sweden,Australia,5520
1981,Switzerland,Australia,9110
1981,Taiwan,Australia,3880
1981,Thailand,Australia,5520
1981,United Arab Emirates,Australia,130
1981,United States of America,Australia,113950
1981,Vanuatu,Australia,850
1981,Vietnam,Australia,20
1982,Argentina,Australia,730
1982,Austria,Australia,3730
1982,Bangladesh,Australia,380
1982,Belgium,Australia,2030
1982,Brazil,Australia,1010
1982,Canada,Australia,32450
1982,Chile,Australia,810
1982,China,Australia,2160
1982,Colombia,Australia,320
1982,Denmark,Australia,3340
1982,Fiji,Australia,12010
1982,Finland,Australia,1130
1982,France,Australia,10250
1982,Germany,Australia,38890
1982,Hong Kong,Australia,20470
1982,India,Australia,5410
1982,Indonesia,Australia,15580
1982,Iran,Australia,120
1982,Ireland,Australia,4620
1982,Israel,Australia,2190
1982,Italy,Australia,12090
1982,Japan,Australia,60390
1982,Malaysia,Australia,22940
1982,Mexico,Australia,570
1982,Nepal,Australia,120
1982,Netherlands,Australia,16760
1982,New Caledonia,Australia,8980
1982,New Zealand,Australia,233260
1982,Norway,Australia,1580
1982,Pakistan,Australia,760
1982,Papua New Guinea,Australia,25470
1982,Philippines,Australia,7040
1982,Poland,Australia,640
1982,Saudi Arabia,Australia,1690
1982,Singapore,Australia,24390
1982,South Africa,Australia,11510
1982,South Korea,Australia,2700
1982,Spain,Australia,1510
1982,Sri Lanka,Australia,1340
1982,Sweden,Australia,6010
1982,Switzerland,Australia,10760
1982,Taiwan,Australia,3940
1982,Thailand,Australia,5360
1982,United Arab Emirates,Australia,430
1982,United States of America,Australia,125980
1982,Vanuatu,Australia,1170
1982,Vietnam,Australia,40
1983,Argentina,Australia,570
1983,Austria,Australia,3510
1983,Bangladesh,Australia,210
1983,Belgium,Australia,1900
1983,Brazil,Australia,960
1983,Cambodia,Australia,0
1983,Canada,Australia,33020
1983,Chile,Australia,710
1983,China,Australia,2290
1983,Colombia,Australia,180
1983,Denmark,Australia,3680
1983,Fiji,Australia,9440
1983,Finland,Australia,1140
1983,France,Australia,9990
1983,Germany,Australia,34610
1983,Hong Kong,Australia,20850
1983,India,Australia,5410
1983,Indonesia,Australia,13300
1983,Iran,Australia,580
1983,Ireland,Australia,5000
1983,Israel,Australia,2480
1983,Italy,Australia,12040
1983,Japan,Australia,71790
1983,Malaysia,Australia,27740
1983,Mexico,Australia,480
1983,Nepal,Australia,180
1983,Netherlands,Australia,14850
1983,New Caledonia,Australia,8490
1983,New Zealand,Australia,225000
1983,Norway,Australia,1590
1983,Pakistan,Australia,720
1983,Papua New Guinea,Australia,22990
1983,Philippines,Australia,6700
1983,Poland,Australia,1030
1983,Saudi Arabia,Australia,2290
1983,Singapore,Australia,29730
1983,South Africa,Australia,11360
1983,South Korea,Australia,2320
1983,Spain,Australia,1470
1983,Sri Lanka,Australia,1230
1983,Sweden,Australia,6080
1983,Switzerland,Australia,11590
1983,Taiwan,Australia,5590
1983,Thailand,Australia,4980
1983,United Arab Emirates,Australia,530
1983,United States of America,Australia,140370
1983,Vanuatu,Australia,1630
1983,Vietnam,Australia,20
1984,Argentina,Australia,760
1984,Austria,Australia,3540
1984,Bangladesh,Australia,320
1984,Belgium,Australia,2180
1984,Brazil,Australia,850
1984,Cambodia,Australia,0
1984,Canada,Australia,34510
1984,Chile,Australia,770
1984,China,Australia,3010
1984,Colombia,Australia,150
1984,Denmark,Australia,4270
1984,Fiji,Australia,9730
1984,Finland,Australia,1670
1984,France,Australia,11180
1984,Germany,Australia,34210
1984,Hong Kong,Australia,21160
1984,India,Australia,5920
1984,Indonesia,Australia,14210
1984,Iran,Australia,1410
1984,Ireland,Australia,4050
1984,Israel,Australia,2570
1984,Italy,Australia,13380
1984,Japan,Australia,87880
1984,Malaysia,Australia,29260
1984,Mexico,Australia,690
1984,Nepal,Australia,120
1984,Netherlands,Australia,14120
1984,New Caledonia,Australia,7370
1984,New Zealand,Australia,234440
1984,Norway,Australia,2040
1984,Pakistan,Australia,710
1984,Papua New Guinea,Australia,23770
1984,Philippines,Australia,8290
1984,Poland,Australia,2020
1984,Saudi Arabia,Australia,2520
1984,Singapore,Australia,33010
1984,South Africa,Australia,10590
1984,South Korea,Australia,2980
1984,Spain,Australia,1420
1984,Sri Lanka,Australia,1460
1984,Sweden,Australia,7550
1984,Switzerland,Australia,12530
1984,Taiwan,Australia,7280
1984,Thailand,Australia,5430
1984,United Arab Emirates,Australia,900
1984,United States of America,Australia,161310
1984,Vanuatu,Australia,2130
1984,Vietnam,Australia,70
1985,Argentina,Australia,1520
1985,Austria,Australia,4220
1985,Bangladesh,Australia,300
1985,Belgium,Australia,2250
1985,Brazil,Australia,1180
1985,Cambodia,Australia,0
1985,Canada,Australia,40940
1985,Chile,Australia,820
1985,China,Australia,5280
1985,Colombia,Australia,160
1985,Denmark,Australia,5140
1985,Fiji,Australia,12400
1985,Finland,Australia,2130
1985,France,Australia,12040
1985,Germany,Australia,37320
1985,Hong Kong,Australia,24060
1985,India,Australia,6930
1985,Indonesia,Australia,15250
1985,Iran,Australia,690
1985,Ireland,Australia,5460
1985,Israel,Australia,2950
1985,Italy,Australia,14510
1985,Japan,Australia,107570
1985,Malaysia,Australia,32890
1985,Mexico,Australia,790
1985,Nepal,Australia,260
1985,Netherlands,Australia,15370
1985,New Caledonia,Australia,8220
1985,New Zealand,Australia,245310
1985,Norway,Australia,2380
1985,Pakistan,Australia,980
1985,Papua New Guinea,Australia,27690
1985,Philippines,Australia,9300
1985,Poland,Australia,3020
1985,Saudi Arabia,Australia,1680
1985,Singapore,Australia,35340
1985,South Africa,Australia,10430
1985,South Korea,Australia,3710
1985,Spain,Australia,1780
1985,Sri Lanka,Australia,1790
1985,Sweden,Australia,9680
1985,Switzerland,Australia,14250
1985,Taiwan,Australia,8050
1985,Thailand,Australia,5860
1985,United Arab Emirates,Australia,720
1985,United States of America,Australia,197360
1985,Vanuatu,Australia,2350
1985,Vietnam,Australia,90
1986,Argentina,Australia,2140
1986,Austria,Australia,5100
1986,Bangladesh,Australia,360
1986,Belgium,Australia,2520
1986,Brazil,Australia,1470
1986,Cambodia,Australia,0
1986,Canada,Australia,46960
1986,Chile,Australia,830
1986,China,Australia,6210
1986,Colombia,Australia,230
1986,Denmark,Australia,6330
1986,Fiji,Australia,13300
1986,Finland,Australia,3070
1986,France,Australia,13860
1986,Germany,Australia,41850
1986,Hong Kong,Australia,33510
1986,India,Australia,6850
1986,Indonesia,Australia,17730
1986,Iran,Australia,600
1986,Ireland,Australia,7350
1986,Israel,Australia,3990
1986,Italy,Australia,17290
1986,Japan,Australia,145620
1986,Malaysia,Australia,38650
1986,Mexico,Australia,1150
1986,Nepal,Australia,230
1986,Netherlands,Australia,15900
1986,New Caledonia,Australia,11080
1986,New Zealand,Australia,336750
1986,Norway,Australia,3180
1986,Pakistan,Australia,1070
1986,Papua New Guinea,Australia,31950
1986,Philippines,Australia,11160
1986,Poland,Australia,3130
1986,Saudi Arabia,Australia,2120
1986,Singapore,Australia,44990
1986,South Africa,Australia,12500
1986,South Korea,Australia,4810
1986,Spain,Australia,2170
1986,Sri Lanka,Australia,2160
1986,Sweden,Australia,14160
1986,Switzerland,Australia,16850
1986,Taiwan,Australia,11960
1986,Thailand,Australia,8050
1986,United Arab Emirates,Australia,900
1986,United States of America,Australia,247000
1986,Vanuatu,Australia,2220
1986,Vietnam,Australia,170
1987,Argentina,Australia,2390
1987,Austria,Australia,6390
1987,Bangladesh,Australia,430
1987,Belgium,Australia,2960
1987,Brazil,Australia,2070
1987,Cambodia,Australia,10
1987,Canada,Australia,52720
1987,Chile,Australia,1010
1987,China,Australia,10860
1987,Colombia,Australia,340
1987,Denmark,Australia,8730
1987,Fiji,Australia,16520
1987,Finland,Australia,4200
1987,France,Australia,17080
1987,Germany,Australia,53230
1987,Hong Kong,Australia,42690
1987,India,Australia,7400
1987,Indonesia,Australia,21450
1987,Iran,Australia,530
1987,Ireland,Australia,9800
1987,Israel,Australia,4410
1987,Italy,Australia,19300
1987,Japan,Australia,215550
1987,Malaysia,Australia,47100
1987,Mexico,Australia,1280
1987,Nepal,Australia,230
1987,Netherlands,Australia,17280
1987,New Caledonia,Australia,14380
1987,New Zealand,Australia,427290
1987,Norway,Australia,4300
1987,Pakistan,Australia,1460
1987,Papua New Guinea,Australia,32830
1987,Philippines,Australia,12180
1987,Poland,Australia,3390
1987,Saudi Arabia,Australia,2230
1987,Singapore,Australia,56960
1987,South Africa,Australia,9650
1987,South Korea,Australia,6880
1987,Spain,Australia,2730
1987,Sri Lanka,Australia,2260
1987,Sweden,Australia,21920
1987,Switzerland,Australia,21330
1987,Taiwan,Australia,16050
1987,Thailand,Australia,11150
1987,United Arab Emirates,Australia,1310
1987,United States of America,Australia,310610
1987,Vanuatu,Australia,2490
1987,Vietnam,Australia,250
1988,Argentina,Australia,2030
1988,Austria,Australia,9120
1988,Bangladesh,Australia,680
1988,Belgium,Australia,4300
1988,Brazil,Australia,2600
1988,Cambodia,Australia,20
1988,Canada,Australia,66670
1988,Chile,Australia,1360
1988,China,Australia,17980
1988,Colombia,Australia,450
1988,Denmark,Australia,11390
1988,Fiji,Australia,19270
1988,Finland,Australia,5700
1988,France,Australia,20970
1988,Germany,Australia,65910
1988,Hong Kong,Australia,49430
1988,India,Australia,10660
1988,Indonesia,Australia,29580
1988,Iran,Australia,730
1988,Ireland,Australia,13090
1988,Israel,Australia,5200
1988,Italy,Australia,25240
1988,Japan,Australia,352300
1988,Malaysia,Australia,52110
1988,Mexico,Australia,1160
1988,Nepal,Australia,380
1988,Netherlands,Australia,22390
1988,New Caledonia,Australia,17150
1988,New Zealand,Australia,534300
1988,Norway,Australia,5200
1988,Pakistan,Australia,2290
1988,Papua New Guinea,Australia,37770
1988,Philippines,Australia,13430
1988,Poland,Australia,4130
1988,Saudi Arabia,Australia,1860
1988,Singapore,Australia,63480
1988,South Africa,Australia,9360
1988,South Korea,Australia,9200
1988,Spain,Australia,3850
1988,Sri Lanka,Australia,3250
1988,Sweden,Australia,26930
1988,Switzerland,Australia,25960
1988,Taiwan,Australia,19200
1988,Thailand,Australia,15850
1988,United Arab Emirates,Australia,1500
1988,United States of America,Australia,326890
1988,Vanuatu,Australia,3170
1988,Vietnam,Australia,260
1989,Argentina,Australia,2310
1989,Austria,Australia,9150
1989,Bangladesh,Australia,770
1989,Belgium,Australia,3700
1989,Brazil,Australia,2510
1989,Cambodia,Australia,40
1989,Canada,Australia,54180
1989,Chile,Australia,1670
1989,China,Australia,29050
1989,Colombia,Australia,390
1989,Denmark,Australia,10140
1989,Fiji,Australia,17520
1989,Finland,Australia,5240
1989,France,Australia,20150
1989,Germany,Australia,68060
1989,Hong Kong,Australia,54160
1989,India,Australia,10900
1989,Indonesia,Australia,28970
1989,Iran,Australia,860
1989,Ireland,Australia,12200
1989,Israel,Australia,5370
1989,Italy,Australia,20440
1989,Japan,Australia,349530
1989,Malaysia,Australia,44250
1989,Mexico,Australia,1240
1989,Nepal,Australia,290
1989,Netherlands,Australia,20120
1989,New Caledonia,Australia,13390
1989,New Zealand,Australia,449300
1989,Norway,Australia,3670
1989,Pakistan,Australia,2060
1989,Papua New Guinea,Australia,34860
1989,Philippines,Australia,10960
1989,Poland,Australia,4420
1989,Saudi Arabia,Australia,1660
1989,Singapore,Australia,65200
1989,South Africa,Australia,8010
1989,South Korea,Australia,10400
1989,Spain,Australia,3290
1989,Sri Lanka,Australia,4020
1989,Sweden,Australia,24080
1989,Switzerland,Australia,27370
1989,Taiwan,Australia,21480
1989,Thailand,Australia,17330
1989,United Arab Emirates,Australia,2040
1989,United States of America,Australia,261740
1989,Vanuatu,Australia,3010
1989,Vietnam,Australia,780
1990,Argentina,Australia,2430
1990,Austria,Australia,9610
1990,Bangladesh,Australia,580
1990,Belgium,Australia,4170
1990,Brazil,Australia,2920
1990,Cambodia,Australia,60
1990,Canada,Australia,53740
1990,Chile,Australia,1590
1990,China,Australia,23720
1990,Colombia,Australia,440
1990,Denmark,Australia,9940
1990,Fiji,Australia,16040
1990,Finland,Australia,5810
1990,France,Australia,21080
1990,Germany,Australia,74170
1990,Hong Kong,Australia,54470
1990,India,Australia,10980
1990,Indonesia,Australia,34390
1990,Iran,Australia,1320
1990,Ireland,Australia,10540
1990,Israel,Australia,5260
1990,Italy,Australia,24380
1990,Japan,Australia,479870
1990,Malaysia,Australia,46580
1990,Mexico,Australia,1680
1990,Nepal,Australia,430
1990,Netherlands,Australia,21070
1990,New Caledonia,Australia,14410
1990,New Zealand,Australia,418430
1990,Norway,Australia,4440
1990,Pakistan,Australia,1880
1990,Papua New Guinea,Australia,34550
1990,Philippines,Australia,13560
1990,Poland,Australia,3740
1990,Saudi Arabia,Australia,2200
1990,Singapore,Australia,75860
1990,South Africa,Australia,9110
1990,South Korea,Australia,14090
1990,Spain,Australia,4320
1990,Sri Lanka,Australia,3900
1990,Sweden,Australia,22030
1990,Switzerland,Australia,29450
1990,Taiwan,Australia,25290
1990,Thailand,Australia,19640
1990,United Arab Emirates,Australia,1710
1990,United States of America,Australia,251560
1990,Vanuatu,Australia,2620
1990,Vietnam,Australia,1840
1991,Argentina,Australia,2640
1991,Austria,Australia,10280
1991,Bangladesh,Australia,630
1991,Belgium,Australia,4090
1991,Brazil,Australia,2490
1991,Cambodia,Australia,20
1991,Canada,Australia,53410
1991,Chile,Australia,1290
1991,China,Australia,16420
1991,Colombia,Australia,540
1991,Denmark,Australia,9850
1991,Fiji,Australia,16770
1991,Finland,Australia,5740
1991,France,Australia,22680
1991,Germany,Australia,77700
1991,Hong Kong,Australia,62780
1991,India,Australia,9780
1991,Indonesia,Australia,36990
1991,Iran,Australia,1270
1991,Ireland,Australia,9590
1991,Israel,Australia,4840
1991,Italy,Australia,24340
1991,Japan,Australia,528570
1991,Malaysia,Australia,48030
1991,Mexico,Australia,1540
1991,Nepal,Australia,450
1991,Netherlands,Australia,21360
1991,New Caledonia,Australia,15210
1991,New Zealand,Australia,480580
1991,Norway,Australia,4080
1991,Pakistan,Australia,1300
1991,Papua New Guinea,Australia,35180
1991,Philippines,Australia,15740
1991,Poland,Australia,2160
1991,Saudi Arabia,Australia,2010
1991,Singapore,Australia,87460
1991,South Africa,Australia,9240
1991,South Korea,Australia,23610
1991,Spain,Australia,3970
1991,Sri Lanka,Australia,4080
1991,Sweden,Australia,19140
1991,Switzerland,Australia,29570
1991,Taiwan,Australia,34730
1991,Thailand,Australia,24690
1991,United Arab Emirates,Australia,1150
1991,United States of America,Australia,271750
1991,Vanuatu,Australia,2600
1991,Vietnam,Australia,2940
1992,Argentina,Australia,3100
1992,Austria,Australia,10800
1992,Bangladesh,Australia,510
1992,Belgium,Australia,4240
1992,Brazil,Australia,2480
1992,Cambodia,Australia,230
1992,Canada,Australia,48930
1992,Chile,Australia,1440
1992,China,Australia,18680
1992,Colombia,Australia,500
1992,Denmark,Australia,10360
1992,Fiji,Australia,16340
1992,Finland,Australia,5070
1992,France,Australia,25350
1992,Germany,Australia,89890
1992,Hong Kong,Australia,74740
1992,India,Australia,9600
1992,Indonesia,Australia,45850
1992,Iran,Australia,1240
1992,Ireland,Australia,8720
1992,Israel,Australia,4660
1992,Italy,Australia,27420
1992,Japan,Australia,629930
1992,Malaysia,Australia,60350
1992,Mexico,Australia,1940
1992,Nepal,Australia,320
1992,Netherlands,Australia,23550
1992,New Caledonia,Australia,17970
1992,New Zealand,Australia,447540
1992,Norway,Australia,4450
1992,Pakistan,Australia,1610
1992,Papua New Guinea,Australia,36960
1992,Philippines,Australia,16110
1992,Poland,Australia,2020
1992,Russian Federation,Australia,40
1992,Saudi Arabia,Australia,2570
1992,Singapore,Australia,116810
1992,South Africa,Australia,15260
1992,South Korea,Australia,33570
1992,Spain,Australia,4900
1992,Sri Lanka,Australia,3830
1992,Sweden,Australia,19120
1992,Switzerland,Australia,29010
1992,Taiwan,Australia,63470
1992,Thailand,Australia,33560
1992,United Arab Emirates,Australia,1840
1992,United States of America,Australia,262850
1992,Vanuatu,Australia,3230
1992,Vietnam,Australia,4750
1993,Argentina,Australia,3870
1993,Austria,Australia,13150
1993,Bangladesh,Australia,700
1993,Belgium,Australia,5320
1993,Brazil,Australia,2670
1993,Cambodia,Australia,510
1993,Canada,Australia,50530
1993,Chile,Australia,1580
1993,China,Australia,22270
1993,Colombia,Australia,570
1993,Denmark,Australia,11580
1993,Fiji,Australia,17310
1993,Finland,Australia,4710
1993,France,Australia,31000
1993,Germany,Australia,105590
1993,Hong Kong,Australia,92010
1993,India,Australia,9770
1993,Indonesia,Australia,71550
1993,Iran,Australia,1120
1993,Ireland,Australia,11020
1993,Israel,Australia,5510
1993,Italy,Australia,31630
1993,Japan,Australia,670820
1993,Malaysia,Australia,80400
1993,Mexico,Australia,2070
1993,Nepal,Australia,340
1993,Netherlands,Australia,27490
1993,New Caledonia,Australia,18390
1993,New Zealand,Australia,499270
1993,Norway,Australia,4640
1993,Pakistan,Australia,1390
1993,Papua New Guinea,Australia,40430
1993,Philippines,Australia,17920
1993,Poland,Australia,2410
1993,Russian Federation,Australia,540
1993,Saudi Arabia,Australia,3410
1993,Singapore,Australia,154900
1993,South Africa,Australia,26420
1993,South Korea,Australia,62020
1993,Spain,Australia,5450
1993,Sri Lanka,Australia,3630
1993,Sweden,Australia,17600
1993,Switzerland,Australia,30550
1993,Taiwan,Australia,108720
1993,Thailand,Australia,46450
1993,United Arab Emirates,Australia,1950
1993,United States of America,Australia,281270
1993,Vanuatu,Australia,3220
1993,Vietnam,Australia,3320
1994,Argentina,Australia,5270
1994,Austria,Australia,15520
1994,Bangladesh,Australia,600
1994,Belgium,Australia,7000
1994,Brazil,Australia,3880
1994,Cambodia,Australia,550
1994,Canada,Australia,54280
1994,Chile,Australia,2040
1994,China,Australia,29690
1994,Colombia,Australia,810
1994,Denmark,Australia,14650
1994,Fiji,Australia,19490
1994,Finland,Australia,5540
1994,France,Australia,34520
1994,Germany,Australia,122690
1994,Hong Kong,Australia,109540
1994,India,Australia,12090
1994,Indonesia,Australia,105710
1994,Iran,Australia,1300
1994,Ireland,Australia,15160
1994,Israel,Australia,6870
1994,Italy,Australia,36690
1994,Japan,Australia,721090
1994,Malaysia,Australia,95070
1994,Mexico,Australia,2410
1994,Nepal,Australia,500
1994,Netherlands,Australia,30920
1994,New Caledonia,Australia,20210
1994,New Zealand,Australia,480350
1994,Norway,Australia,5770
1994,Pakistan,Australia,1840
1994,Papua New Guinea,Australia,41930
1994,Philippines,Australia,21670
1994,Poland,Australia,3160
1994,Russian Federation,Australia,2750
1994,Saudi Arabia,Australia,2960
1994,Singapore,Australia,187640
1994,South Africa,Australia,30260
1994,South Korea,Australia,110270
1994,Spain,Australia,6860
1994,Sri Lanka,Australia,4420
1994,Sweden,Australia,20170
1994,Switzerland,Australia,36360
1994,Taiwan,Australia,142530
1994,Thailand,Australia,66820
1994,United Arab Emirates,Australia,2820
1994,United States of America,Australia,289680
1994,Vanuatu,Australia,3950
1994,Vietnam,Australia,4070
1995,Argentina,Australia,4640
1995,Austria,Australia,16950
1995,Bangladesh,Australia,920
1995,Belgium,Australia,7660
1995,Brazil,Australia,4710
1995,Cambodia,Australia,500
1995,Canada,Australia,58370
1995,Chile,Australia,2240
1995,China,Australia,42600
1995,Colombia,Australia,970
1995,Denmark,Australia,15740
1995,Fiji,Australia,18990
1995,Finland,Australia,5810
1995,France,Australia,35200
1995,Germany,Australia,124190
1995,Hong Kong,Australia,131690
1995,India,Australia,17140
1995,Indonesia,Australia,134950
1995,Iran,Australia,1270
1995,Ireland,Australia,17360
1995,Israel,Australia,8130
1995,Italy,Australia,36810
1995,Japan,Australia,782680
1995,Malaysia,Australia,108200
1995,Mexico,Australia,1860
1995,Nepal,Australia,860
1995,Netherlands,Australia,34530
1995,New Caledonia,Australia,21400
1995,New Zealand,Australia,538380
1995,Norway,Australia,6640
1995,Pakistan,Australia,2320
1995,Papua New Guinea,Australia,42270
1995,Philippines,Australia,26940
1995,Poland,Australia,3410
1995,Russian Federation,Australia,2820
1995,Saudi Arabia,Australia,3010
1995,Singapore,Australia,202360
1995,South Africa,Australia,32750
1995,South Korea,Australia,167970
1995,Spain,Australia,7330
1995,Sri Lanka,Australia,5890
1995,Sweden,Australia,22440
1995,Switzerland,Australia,35280
1995,Taiwan,Australia,151970
1995,Thailand,Australia,81320
1995,United Arab Emirates,Australia,3260
1995,United States of America,Australia,304880
1995,Vanuatu,Australia,3550
1995,Vietnam,Australia,4780
1996,Argentina,Australia,5350
1996,Austria,Australia,17400
1996,Bangladesh,Australia,1050
1996,Belgium,Australia,9140
1996,Brazil,Australia,7060
1996,Cambodia,Australia,390
1996,Canada,Australia,61130
1996,Chile,Australia,2420
1996,China,Australia,53980
1996,Colombia,Australia,1010
1996,Denmark,Australia,17330
1996,Fiji,Australia,21250
1996,Finland,Australia,6640
1996,France,Australia,34950
1996,Germany,Australia,125400
1996,Hong Kong,Australia,153190
1996,India,Australia,21340
1996,Indonesia,Australia,154440
1996,Iran,Australia,1430
1996,Ireland,Australia,20820
1996,Israel,Australia,9360
1996,Italy,Australia,40570
1996,Japan,Australia,813100
1996,Malaysia,Australia,134410
1996,Mexico,Australia,2220
1996,Nepal,Australia,890
1996,Netherlands,Australia,38820
1996,New Caledonia,Australia,23470
1996,New Zealand,Australia,671880
1996,Norway,Australia,7240
1996,Pakistan,Australia,2740
1996,Papua New Guinea,Australia,43480
1996,Philippines,Australia,33570
1996,Poland,Australia,3730
1996,Russian Federation,Australia,1850
1996,Saudi Arabia,Australia,2960
1996,Singapore,Australia,222820
1996,South Africa,Australia,42640
1996,South Korea,Australia,227860
1996,Spain,Australia,8110
1996,Sri Lanka,Australia,6810
1996,Sweden,Australia,23450
1996,Switzerland,Australia,39420
1996,Taiwan,Australia,159400
1996,Thailand,Australia,88920
1996,United Arab Emirates,Australia,5770
1996,United States of America,Australia,316880
1996,Vanuatu,Australia,3670
1996,Vietnam,Australia,5350
1997,Argentina,Australia,5610
1997,Austria,Australia,19550
1997,Bangladesh,Australia,1490
1997,Belgium,Australia,9240
1997,Brazil,Australia,8320
1997,Cambodia,Australia,1020
1997,Canada,Australia,64770
1997,Chile,Australia,2490
1997,China,Australia,65850
1997,Colombia,Australia,1700
1997,Denmark,Australia,16990
1997,Fiji,Australia,20010
1997,Finland,Australia,6760
1997,France,Australia,40000
1997,Germany,Australia,128870
1997,Hong Kong,Australia,151720
1997,India,Australia,26140
1997,Indonesia,Australia,160380
1997,Iran,Australia,1720
1997,Ireland,Australia,25300
1997,Israel,Australia,10600
1997,Italy,Australia,45840
1997,Japan,Australia,813890
1997,Malaysia,Australia,143680
1997,Mexico,Australia,2570
1997,Nepal,Australia,690
1997,Netherlands,Australia,42030
1997,New Caledonia,Australia,21780
1997,New Zealand,Australia,685650
1997,Norway,Australia,9440
1997,Pakistan,Australia,3040
1997,Papua New Guinea,Australia,43970
1997,Philippines,Australia,41070
1997,Poland,Australia,4230
1997,Russian Federation,Australia,2710
1997,Saudi Arabia,Australia,3680
1997,Singapore,Australia,239290
1997,South Africa,Australia,45190
1997,South Korea,Australia,233810
1997,Spain,Australia,9380
1997,Sri Lanka,Australia,6020
1997,Sweden,Australia,24030
1997,Switzerland,Australia,38610
1997,Taiwan,Australia,153250
1997,Thailand,Australia,68580
1997,United Arab Emirates,Australia,5830
1997,United States of America,Australia,329580
1997,Vanuatu,Australia,3270
1997,Vietnam,Australia,7090
1998,Argentina,Australia,6570
1998,Austria,Australia,16920
1998,Bangladesh,Australia,2020
1998,Belgium,Australia,9430
1998,Brazil,Australia,8640
1998,Cambodia,Australia,1440
1998,Canada,Australia,71700
1998,Chile,Australia,2920
1998,China,Australia,76560
1998,Colombia,Australia,1650
1998,Denmark,Australia,18200
1998,Fiji,Australia,22670
1998,Finland,Australia,6250
1998,France,Australia,42970
1998,Germany,Australia,127380
1998,Hong Kong,Australia,143420
1998,India,Australia,29390
1998,Indonesia,Australia,93040
1998,Iran,Australia,1170
1998,Ireland,Australia,31020
1998,Israel,Australia,10960
1998,Italy,Australia,47840
1998,Japan,Australia,751130
1998,Malaysia,Australia,112090
1998,Mexico,Australia,2850
1998,Nepal,Australia,960
1998,Netherlands,Australia,46980
1998,New Caledonia,Australia,23670
1998,New Zealand,Australia,709410
1998,Norway,Australia,10560
1998,Pakistan,Australia,2970
1998,Papua New Guinea,Australia,44910
1998,Philippines,Australia,35380
1998,Poland,Australia,4530
1998,Russian Federation,Australia,2990
1998,Saudi Arabia,Australia,3530
1998,Singapore,Australia,247080
1998,South Africa,Australia,56910
1998,South Korea,Australia,66640
1998,Spain,Australia,10590
1998,Sri Lanka,Australia,6820
1998,Sweden,Australia,26830
1998,Switzerland,Australia,40330
1998,Taiwan,Australia,149940
1998,Thailand,Australia,49120
1998,United Arab Emirates,Australia,10160
1998,United States of America,Australia,373910
1998,Vanuatu,Australia,4230
1998,Vietnam,Australia,8630
1999,Argentina,Australia,8780
1999,Austria,Australia,17350
1999,Bangladesh,Australia,2630
1999,Belgium,Australia,10380
1999,Brazil,Australia,8530
1999,Cambodia,Australia,1180
1999,Canada,Australia,78380
1999,Chile,Australia,2830
1999,China,Australia,92590
1999,Colombia,Australia,1740
1999,Denmark,Australia,18480
1999,Fiji,Australia,25910
1999,Finland,Australia,7750
1999,France,Australia,49140
1999,Germany,Australia,144500
1999,Hong Kong,Australia,139560
1999,India,Australia,33640
1999,Indonesia,Australia,90990
1999,Iran,Australia,1240
1999,Ireland,Australia,40450
1999,Israel,Australia,12470
1999,Italy,Australia,51430
1999,Japan,Australia,707480
1999,Malaysia,Australia,139780
1999,Mexico,Australia,3750
1999,Nepal,Australia,830
1999,Netherlands,Australia,52280
1999,New Caledonia,Australia,25010
1999,New Zealand,Australia,728790
1999,Norway,Australia,11910
1999,Pakistan,Australia,3050
1999,Papua New Guinea,Australia,50430
1999,Philippines,Australia,40270
1999,Poland,Australia,5120
1999,Russian Federation,Australia,3270
1999,Saudi Arabia,Australia,4260
1999,Singapore,Australia,266960
1999,South Africa,Australia,57950
1999,South Korea,Australia,108630
1999,Spain,Australia,12790
1999,Sri Lanka,Australia,8130
1999,Sweden,Australia,29450
1999,Switzerland,Australia,45090
1999,Taiwan,Australia,147510
1999,Thailand,Australia,61850
1999,United Arab Emirates,Australia,14250
1999,United States of America,Australia,417040
1999,Vanuatu,Australia,5490
1999,Vietnam,Australia,8920
2000,Argentina,Australia,9580
2000,Austria,Australia,18570
2000,Bangladesh,Australia,3310
2000,Belgium,Australia,11800
2000,Brazil,Australia,13390
2000,Cambodia,Australia,1340
2000,Canada,Australia,88290
2000,Chile,Australia,3240
2000,China,Australia,120260
2000,Colombia,Australia,2490
2000,Denmark,Australia,20680
2000,Fiji,Australia,23160
2000,Finland,Australia,9450
2000,France,Australia,57330
2000,Germany,Australia,143260
2000,Hong Kong,Australia,154100
2000,India,Australia,41450
2000,Indonesia,Australia,98110
2000,Iran,Australia,1610
2000,Ireland,Australia,46440
2000,Israel,Australia,13120
2000,Italy,Australia,57930
2000,Japan,Australia,720980
2000,Malaysia,Australia,152080
2000,Mexico,Australia,6230
2000,Nepal,Australia,1060
2000,Netherlands,Australia,61250
2000,New Caledonia,Australia,25270
2000,New Zealand,Australia,817030
2000,Norway,Australia,16580
2000,Pakistan,Australia,2510
2000,Papua New Guinea,Australia,44470
2000,Philippines,Australia,39180
2000,Poland,Australia,6780
2000,Russian Federation,Australia,6180
2000,Saudi Arabia,Australia,4370
2000,Singapore,Australia,285730
2000,South Africa,Australia,59510
2000,South Korea,Australia,157390
2000,Spain,Australia,16350
2000,Sri Lanka,Australia,9460
2000,Sweden,Australia,36780
2000,Switzerland,Australia,47850
2000,Taiwan,Australia,134350
2000,Thailand,Australia,72750
2000,United Arab Emirates,Australia,13450
2000,United States of America,Australia,488120
2000,Vanuatu,Australia,6460
2000,Vietnam,Australia,8820
2001,Argentina,Australia,7870
2001,Austria,Australia,17940
2001,Bangladesh,Australia,3250
2001,Belgium,Australia,10460
2001,Brazil,Australia,11610
2001,Cambodia,Australia,1410
2001,Canada,Australia,93150
2001,Chile,Australia,3780
2001,China,Australia,157940
2001,Colombia,Australia,2200
2001,Denmark,Australia,18340
2001,Fiji,Australia,24520
2001,Finland,Australia,7250
2001,France,Australia,50030
2001,Germany,Australia,147610
2001,Hong Kong,Australia,154150
2001,India,Australia,48200
2001,Indonesia,Australia,97880
2001,Iran,Australia,1920
2001,Ireland,Australia,51570
2001,Israel,Australia,14560
2001,Italy,Australia,43310
2001,Japan,Australia,673570
2001,Malaysia,Australia,149410
2001,Mexico,Australia,4680
2001,Nepal,Australia,1130
2001,Netherlands,Australia,56510
2001,New Caledonia,Australia,28710
2001,New Zealand,Australia,814880
2001,Norway,Australia,16570
2001,Pakistan,Australia,2660
2001,Papua New Guinea,Australia,38950
2001,Philippines,Australia,30410
2001,Poland,Australia,6460
2001,Russian Federation,Australia,4410
2001,Saudi Arabia,Australia,4090
2001,Singapore,Australia,296000
2001,South Africa,Australia,54940
2001,South Korea,Australia,175600
2001,Spain,Australia,12420
2001,Sri Lanka,Australia,8290
2001,Sweden,Australia,31650
2001,Switzerland,Australia,46220
2001,Taiwan,Australia,110080
2001,Thailand,Australia,79950
2001,United Arab Emirates,Australia,13970
2001,United States of America,Australia,446450
2001,Vanuatu,Australia,4870
2001,Vietnam,Australia,9300
2002,Argentina,Australia,4360
2002,Austria,Australia,19020
2002,Bangladesh,Australia,3140
2002,Belgium,Australia,10800
2002,Brazil,Australia,10240
2002,Cambodia,Australia,1170
2002,Canada,Australia,90870
2002,Chile,Australia,3010
2002,China,Australia,190020
2002,Colombia,Australia,1600
2002,Denmark,Australia,18870
2002,Fiji,Australia,23170
2002,Finland,Australia,6530
2002,France,Australia,49550
2002,Germany,Australia,134810
2002,Hong Kong,Australia,150950
2002,India,Australia,45020
2002,Indonesia,Australia,89430
2002,Iran,Australia,1770
2002,Ireland,Australia,48040
2002,Israel,Australia,15060
2002,Italy,Australia,43300
2002,Japan,Australia,715460
2002,Malaysia,Australia,159000
2002,Mexico,Australia,5400
2002,Nepal,Australia,920
2002,Netherlands,Australia,53000
2002,New Caledonia,Australia,30500
2002,New Zealand,Australia,790080
2002,Norway,Australia,16860
2002,Pakistan,Australia,2070
2002,Papua New Guinea,Australia,31260
2002,Philippines,Australia,28460
2002,Poland,Australia,8760
2002,Russian Federation,Australia,4360
2002,Saudi Arabia,Australia,4060
2002,Singapore,Australia,286860
2002,South Africa,Australia,50970
2002,South Korea,Australia,189730
2002,Spain,Australia,12440
2002,Sri Lanka,Australia,7190
2002,Sweden,Australia,30890
2002,Switzerland,Australia,41510
2002,Taiwan,Australia,97420
2002,Thailand,Australia,82660
2002,United Arab Emirates,Australia,13300
2002,United States of America,Australia,434500
2002,Vanuatu,Australia,5260
2002,Vietnam,Australia,9240
2003,Argentina,Australia,3710
2003,Austria,Australia,18810
2003,Bangladesh,Australia,3400
2003,Belgium,Australia,9860
2003,Brazil,Australia,8310
2003,Cambodia,Australia,1300
2003,Canada,Australia,87920
2003,Chile,Australia,3460
2003,China,Australia,176140
2003,Colombia,Australia,1410
2003,Denmark,Australia,19010
2003,Fiji,Australia,25470
2003,Finland,Australia,7680
2003,France,Australia,51380
2003,Germany,Australia,137890
2003,Hong Kong,Australia,129290
2003,India,Australia,45610
2003,Indonesia,Australia,90270
2003,Iran,Australia,1760
2003,Ireland,Australia,52960
2003,Israel,Australia,13340
2003,Italy,Australia,41320
2003,Japan,Australia,627740
2003,Malaysia,Australia,155610
2003,Mexico,Australia,5270
2003,Nepal,Australia,830
2003,Netherlands,Australia,50950
2003,New Caledonia,Australia,33600
2003,New Zealand,Australia,839090
2003,Norway,Australia,17180
2003,Pakistan,Australia,2610
2003,Papua New Guinea,Australia,27310
2003,Philippines,Australia,27010
2003,Poland,Australia,5490
2003,Russian Federation,Australia,5050
2003,Saudi Arabia,Australia,4040
2003,Singapore,Australia,253360
2003,South Africa,Australia,52730
2003,South Korea,Australia,207280
2003,Spain,Australia,12430
2003,Sri Lanka,Australia,8550
2003,Sweden,Australia,31800
2003,Switzerland,Australia,40910
2003,Taiwan,Australia,87740
2003,Thailand,Australia,73160
2003,United Arab Emirates,Australia,15230
2003,United States of America,Australia,422130
2003,Vanuatu,Australia,5250
2003,Vietnam,Australia,9450
2004,Argentina,Australia,3630
2004,Austria,Australia,18160
2004,Bangladesh,Australia,3510
2004,Belgium,Australia,11210
2004,Brazil,Australia,10430
2004,Cambodia,Australia,1970
2004,Canada,Australia,100170
2004,Chile,Australia,3960
2004,China,Australia,250210
2004,Colombia,Australia,1420
2004,Denmark,Australia,20760
2004,Fiji,Australia,25270
2004,Finland,Australia,9550
2004,France,Australia,58430
2004,Germany,Australia,141760
2004,Hong Kong,Australia,135640
2004,India,Australia,54710
2004,Indonesia,Australia,83630
2004,Iran,Australia,2180
2004,Ireland,Australia,54440
2004,Israel,Australia,14310
2004,Italy,Australia,47410
2004,Japan,Australia,707090
2004,Malaysia,Australia,165070
2004,Mexico,Australia,5110
2004,Nepal,Australia,840
2004,Netherlands,Australia,48700
2004,New Caledonia,Australia,35910
2004,New Zealand,Australia,1029460
2004,Norway,Australia,17170
2004,Pakistan,Australia,2580
2004,Papua New Guinea,Australia,25710
2004,Philippines,Australia,31280
2004,Poland,Australia,6260
2004,Russian Federation,Australia,6250
2004,Saudi Arabia,Australia,4860
2004,Singapore,Australia,243900
2004,South Africa,Australia,50100
2004,South Korea,Australia,213580
2004,Spain,Australia,16040
2004,Sri Lanka,Australia,9820
2004,Sweden,Australia,33990
2004,Switzerland,Australia,42100
2004,Taiwan,Australia,98600
2004,Thailand,Australia,77680
2004,United Arab Emirates,Australia,18660
2004,United States of America,Australia,431170
2004,Vanuatu,Australia,6870
2004,Vietnam,Australia,11270
2005,Argentina,Australia,4160
2005,Austria,Australia,18240
2005,Bangladesh,Australia,2750
2005,Belgium,Australia,12160
2005,Brazil,Australia,12960
2005,Cambodia,Australia,2510
2005,Canada,Australia,106730
2005,Chile,Australia,4860
2005,China,Australia,282730
2005,Colombia,Australia,1990
2005,Denmark,Australia,23150
2005,Fiji,Australia,26780
2005,Finland,Australia,10100
2005,France,Australia,65750
2005,Germany,Australia,149060
2005,Hong Kong,Australia,156180
2005,India,Australia,65800
2005,Indonesia,Australia,82690
2005,Iran,Australia,2710
2005,Ireland,Australia,61890
2005,Israel,Australia,15710
2005,Italy,Australia,51530
2005,Japan,Australia,679970
2005,Malaysia,Australia,161710
2005,Mexico,Australia,5350
2005,Nepal,Australia,1070
2005,Netherlands,Australia,51010
2005,New Caledonia,Australia,37810
2005,New Zealand,Australia,1088020
2005,Norway,Australia,17050
2005,Pakistan,Australia,3480
2005,Papua New Guinea,Australia,27540
2005,Philippines,Australia,33900
2005,Poland,Australia,6630
2005,Russian Federation,Australia,7390
2005,Saudi Arabia,Australia,6100
2005,Singapore,Australia,248140
2005,South Africa,Australia,51090
2005,South Korea,Australia,254630
2005,Spain,Australia,17060
2005,Sri Lanka,Australia,10220
2005,Sweden,Australia,36420
2005,Switzerland,Australia,42870
2005,Taiwan,Australia,110790
2005,Thailand,Australia,72960
2005,United Arab Emirates,Australia,19240
2005,United States of America,Australia,442650
2005,Vanuatu,Australia,6730
2005,Vietnam,Australia,13620
2006,Argentina,Australia,5050
2006,Austria,Australia,18170
2006,Bangladesh,Australia,2980
2006,Belgium,Australia,13290
2006,Brazil,Australia,16960
2006,Cambodia,Australia,3200
2006,Canada,Australia,115810
2006,Chile,Australia,6470
2006,China,Australia,305570
2006,Colombia,Australia,2840
2006,Denmark,Australia,23840
2006,Fiji,Australia,26990
2006,Finland,Australia,10520
2006,France,Australia,69710
2006,Germany,Australia,151840
2006,Hong Kong,Australia,147730
2006,India,Australia,80710
2006,Indonesia,Australia,82470
2006,Iran,Australia,3200
2006,Ireland,Australia,61290
2006,Israel,Australia,15010
2006,Italy,Australia,52610
2006,Japan,Australia,645910
2006,Malaysia,Australia,145990
2006,Mexico,Australia,6140
2006,Nepal,Australia,1440
2006,Netherlands,Australia,52870
2006,New Caledonia,Australia,39700
2006,New Zealand,Australia,1065210
2006,Norway,Australia,16310
2006,Pakistan,Australia,3880
2006,Papua New Guinea,Australia,29890
2006,Philippines,Australia,37570
2006,Poland,Australia,6980
2006,Russian Federation,Australia,9240
2006,Saudi Arabia,Australia,6590
2006,Singapore,Australia,229010
2006,South Africa,Australia,55660
2006,South Korea,Australia,266490
2006,Spain,Australia,18640
2006,Sri Lanka,Australia,11630
2006,Sweden,Australia,37100
2006,Switzerland,Australia,44230
2006,Taiwan,Australia,94270
2006,Thailand,Australia,68590
2006,United Arab Emirates,Australia,19970
2006,United States of America,Australia,452250
2006,Vanuatu,Australia,6890
2006,Vietnam,Australia,17980
2007,Argentina,Australia,5970
2007,Austria,Australia,18190
2007,Bangladesh,Australia,3540
2007,Belgium,Australia,14850
2007,Brazil,Australia,20020
2007,Cambodia,Australia,3760
2007,Canada,Australia,123690
2007,Chile,Australia,8310
2007,China,Australia,354610
2007,Colombia,Australia,4410
2007,Denmark,Australia,23600
2007,Fiji,Australia,24400
2007,Finland,Australia,12130
2007,France,Australia,77690
2007,Germany,Australia,156400
2007,Hong Kong,Australia,138780
2007,India,Australia,90360
2007,Indonesia,Australia,89910
2007,Iran,Australia,4410
2007,Ireland,Australia,70120
2007,Israel,Australia,15950
2007,Italy,Australia,55130
2007,Japan,Australia,569710
2007,Malaysia,Australia,152910
2007,Mexico,Australia,7220
2007,Nepal,Australia,2270
2007,Netherlands,Australia,53750
2007,New Caledonia,Australia,41400
2007,New Zealand,Australia,1128940
2007,Norway,Australia,16930
2007,Pakistan,Australia,4660
2007,Papua New Guinea,Australia,31880
2007,Philippines,Australia,44050
2007,Poland,Australia,8690
2007,Russian Federation,Australia,12320
2007,Saudi Arabia,Australia,7530
2007,Singapore,Australia,232850
2007,South Africa,Australia,61630
2007,South Korea,Australia,259380
2007,Spain,Australia,21200
2007,Sri Lanka,Australia,11930
2007,Sweden,Australia,36870
2007,Switzerland,Australia,43920
2007,Taiwan,Australia,93440
2007,Thailand,Australia,74170
2007,United Arab Emirates,Australia,26660
2007,United States of America,Australia,458610
2007,Vanuatu,Australia,7830
2007,Vietnam,Australia,25030
2008,Argentina,Australia,5650
2008,Austria,Australia,17900
2008,Bangladesh,Australia,3780
2008,Belgium,Australia,15060
2008,Brazil,Australia,26110
2008,Cambodia,Australia,4460
2008,Canada,Australia,135230
2008,Chile,Australia,10360
2008,China,Australia,354360
2008,Colombia,Australia,6050
2008,Denmark,Australia,25370
2008,Fiji,Australia,27230
2008,Finland,Australia,11890
2008,France,Australia,93590
2008,Germany,Australia,165870
2008,Hong Kong,Australia,131530
2008,India,Australia,108830
2008,Indonesia,Australia,94970
2008,Iran,Australia,4830
2008,Ireland,Australia,71130
2008,Israel,Australia,16510
2008,Italy,Australia,61750
2008,Japan,Australia,455560
2008,Malaysia,Australia,165690
2008,Mexico,Australia,7740
2008,Nepal,Australia,2540
2008,Netherlands,Australia,58100
2008,New Caledonia,Australia,45880
2008,New Zealand,Australia,1104680
2008,Norway,Australia,18590
2008,Pakistan,Australia,5030
2008,Papua New Guinea,Australia,38160
2008,Philippines,Australia,52090
2008,Poland,Australia,11110
2008,Russian Federation,Australia,13700
2008,Saudi Arabia,Australia,9920
2008,Singapore,Australia,230920
2008,South Africa,Australia,67420
2008,South Korea,Australia,222820
2008,Spain,Australia,27520
2008,Sri Lanka,Australia,12980
2008,Sweden,Australia,36530
2008,Switzerland,Australia,42310
2008,Taiwan,Australia,78090
2008,Thailand,Australia,71480
2008,United Arab Emirates,Australia,32470
2008,United States of America,Australia,462820
2008,Vanuatu,Australia,7720
2008,Vietnam,Australia,31610
2009,Argentina,Australia,7860
2009,Austria,Australia,17500
2009,Bangladesh,Australia,5120
2009,Belgium,Australia,16270
2009,Brazil,Australia,27060
2009,Cambodia,Australia,5350
2009,Canada,Australia,133450
2009,Chile,Australia,10260
2009,China,Australia,362690
2009,Colombia,Australia,6470
2009,Denmark,Australia,25160
2009,Fiji,Australia,29920
2009,Finland,Australia,12610
2009,France,Australia,101950
2009,Germany,Australia,165360
2009,Hong Kong,Australia,144150
2009,India,Australia,119420
2009,Indonesia,Australia,107190
2009,Iran,Australia,5180
2009,Ireland,Australia,65230
2009,Israel,Australia,14830
2009,Italy,Australia,57750
2009,Japan,Australia,354000
2009,Malaysia,Australia,204200
2009,Mexico,Australia,7040
2009,Nepal,Australia,3930
2009,Netherlands,Australia,55130
2009,New Caledonia,Australia,45950
2009,New Zealand,Australia,1099910
2009,Norway,Australia,18600
2009,Pakistan,Australia,6480
2009,Papua New Guinea,Australia,42840
2009,Philippines,Australia,52170
2009,Poland,Australia,8940
2009,Russian Federation,Australia,13420
2009,Saudi Arabia,Australia,12210
2009,Singapore,Australia,246490
2009,South Africa,Australia,59500
2009,South Korea,Australia,185710
2009,Spain,Australia,23090
2009,Sri Lanka,Australia,13200
2009,Sweden,Australia,34750
2009,Switzerland,Australia,46630
2009,Taiwan,Australia,99140
2009,Thailand,Australia,73740
2009,United Arab Emirates,Australia,30110
2009,United States of America,Australia,484340
2009,Vanuatu,Australia,9370
2009,Vietnam,Australia,33490
2010,Argentina,Australia,7940
2010,Austria,Australia,17050
2010,Bangladesh,Australia,6270
2010,Belgium,Australia,17950
2010,Brazil,Australia,28580
2010,Cambodia,Australia,5450
2010,Canada,Australia,135490
2010,Chile,Australia,9640
2010,China,Australia,451810
2010,Colombia,Australia,6570
2010,Denmark,Australia,23920
2010,Fiji,Australia,30700
2010,Finland,Australia,12450
2010,France,Australia,107270
2010,Germany,Australia,166210
2010,Hong Kong,Australia,150550
2010,India,Australia,138560
2010,Indonesia,Australia,121880
2010,Iran,Australia,7430
2010,Ireland,Australia,55300
2010,Israel,Australia,15210
2010,Italy,Australia,58800
2010,Japan,Australia,396370
2010,Malaysia,Australia,226410
2010,Mexico,Australia,6680
2010,Nepal,Australia,4640
2010,Netherlands,Australia,53630
2010,New Caledonia,Australia,46450
2010,New Zealand,Australia,1150210
2010,Norway,Australia,19930
2010,Pakistan,Australia,8250
2010,Papua New Guinea,Australia,47300
2010,Philippines,Australia,59070
2010,Poland,Australia,9370
2010,Russian Federation,Australia,14730
2010,Saudi Arabia,Australia,13460
2010,Singapore,Australia,265100
2010,South Africa,Australia,60880
2010,South Korea,Australia,218610
2010,Spain,Australia,23920
2010,Sri Lanka,Australia,16350
2010,Sweden,Australia,36480
2010,Switzerland,Australia,47270
2010,Taiwan,Australia,87670
2010,Thailand,Australia,74860
2010,United Arab Emirates,Australia,33630
2010,United States of America,Australia,479280
2010,Vanuatu,Australia,9860
2010,Vietnam,Australia,35660
2011,Argentina,Australia,8840
2011,Austria,Australia,15130
2011,Bangladesh,Australia,7170
2011,Belgium,Australia,17330
2011,Brazil,Australia,30890
2011,Cambodia,Australia,5120
2011,Canada,Australia,130820
2011,Chile,Australia,10560
2011,China,Australia,540540
2011,Colombia,Australia,7240
2011,Denmark,Australia,23410
2011,Fiji,Australia,29040
2011,Finland,Australia,12570
2011,France,Australia,105820
2011,Germany,Australia,160410
2011,Hong Kong,Australia,154000
2011,India,Australia,149180
2011,Indonesia,Australia,136930
2011,Iran,Australia,8670
2011,Ireland,Australia,60670
2011,Israel,Australia,13080
2011,Italy,Australia,57910
2011,Japan,Australia,332280
2011,Malaysia,Australia,228000
2011,Mexico,Australia,6670
2011,Nepal,Australia,4540
2011,Netherlands,Australia,50320
2011,New Caledonia,Australia,41990
2011,New Zealand,Australia,1166830
2011,Norway,Australia,19190
2011,Pakistan,Australia,9110
2011,Papua New Guinea,Australia,50070
2011,Philippines,Australia,65890
2011,Poland,Australia,9170
2011,Russian Federation,Australia,15910
2011,Saudi Arabia,Australia,13370
2011,Singapore,Australia,266190
2011,South Africa,Australia,63550
2011,South Korea,Australia,204480
2011,Spain,Australia,23910
2011,Sri Lanka,Australia,17020
2011,Sweden,Australia,36690
2011,Switzerland,Australia,46300
2011,Taiwan,Australia,86270
2011,Thailand,Australia,75680
2011,United Arab Emirates,Australia,27710
2011,United States of America,Australia,469270
2011,Vanuatu,Australia,10220
2011,Vietnam,Australia,32960
2012,Argentina,Australia,13210
2012,Austria,Australia,15620
2012,Bangladesh,Australia,7730
2012,Belgium,Australia,18040
2012,Brazil,Australia,33020
2012,Cambodia,Australia,5050
2012,Canada,Australia,136290
2012,Chile,Australia,13630
2012,China,Australia,628100
2012,Colombia,Australia,8730
2012,Denmark,Australia,23900
2012,Fiji,Australia,29720
2012,Finland,Australia,13990
2012,France,Australia,110880
2012,Germany,Australia,160740
2012,Hong Kong,Australia,162890
2012,India,Australia,164260
2012,Indonesia,Australia,141860
2012,Iran,Australia,9370
2012,Ireland,Australia,62550
2012,Israel,Australia,11110
2012,Italy,Australia,65620
2012,Japan,Australia,352570
2012,Malaysia,Australia,247630
2012,Mexico,Australia,6660
2012,Nepal,Australia,6460
2012,Netherlands,Australia,46810
2012,New Caledonia,Australia,39080
2012,New Zealand,Australia,1193120
2012,Norway,Australia,20450
2012,Pakistan,Australia,10150
2012,Papua New Guinea,Australia,56450
2012,Philippines,Australia,74300
2012,Poland,Australia,9920
2012,Russian Federation,Australia,19090
2012,Saudi Arabia,Australia,13650
2012,Singapore,Australia,287310
2012,South Africa,Australia,57040
2012,South Korea,Australia,205270
2012,Spain,Australia,25370
2012,Sri Lanka,Australia,19220
2012,Sweden,Australia,39070
2012,Switzerland,Australia,47120
2012,Taiwan,Australia,98340
2012,Thailand,Australia,71950
2012,United Arab Emirates,Australia,27650
2012,United States of America,Australia,500360
2012,Vanuatu,Australia,9300
2012,Vietnam,Australia,36940
2013,Argentina,Australia,14930
2013,Austria,Australia,16130
2013,Bangladesh,Australia,8110
2013,Belgium,Australia,19070
2013,Brazil,Australia,36430
2013,Cambodia,Australia,5070
2013,Canada,Australia,136290
2013,Chile,Australia,15930
2013,China,Australia,720760
2013,Colombia,Australia,10250
2013,Denmark,Australia,23970
2013,Fiji,Australia,30540
2013,Finland,Australia,13640
2013,France,Australia,114800
2013,Germany,Australia,170090
2013,Hong Kong,Australia,182970
2013,India,Australia,176830
2013,Indonesia,Australia,146790
2013,Iran,Australia,7120
2013,Ireland,Australia,63700
2013,Israel,Australia,12310
2013,Italy,Australia,71670
2013,Japan,Australia,330800
2013,Malaysia,Australia,281390
2013,Mexico,Australia,7680
2013,Nepal,Australia,6500
2013,Netherlands,Australia,45540
2013,New Caledonia,Australia,38860
2013,New Zealand,Australia,1201250
2013,Norway,Australia,20540
2013,Pakistan,Australia,10260
2013,Papua New Guinea,Australia,56600
2013,Philippines,Australia,74550
2013,Poland,Australia,11580
2013,Russian Federation,Australia,20030
2013,Saudi Arabia,Australia,13600
2013,Singapore,Australia,333140
2013,South Africa,Australia,54770
2013,South Korea,Australia,198870
2013,Spain,Australia,25870
2013,Sri Lanka,Australia,19150
2013,Sweden,Australia,40670
2013,Switzerland,Australia,48980
2013,Taiwan,Australia,109320
2013,Thailand,Australia,78590
2013,United Arab Emirates,Australia,32340
2013,United States of America,Australia,516250
2013,Vanuatu,Australia,9950
2013,Vietnam,Australia,40900
2014,Argentina,Australia,11290
2014,Austria,Australia,16870
2014,Bangladesh,Australia,10250
2014,Belgium,Australia,21550
2014,Brazil,Australia,44700
2014,Cambodia,Australia,5110
2014,Canada,Australia,140110
2014,Chile,Australia,16780
2014,China,Australia,851030
2014,Colombia,Australia,10760
2014,Denmark,Australia,24580
2014,Fiji,Australia,31750
2014,Finland,Australia,14070
2014,France,Australia,123520
2014,Germany,Australia,183740
2014,Hong Kong,Australia,201340
2014,India,Australia,200100
2014,Indonesia,Australia,155000
2014,Iran,Australia,7750
2014,Ireland,Australia,61690
2014,Israel,Australia,11740
2014,Italy,Australia,74220
2014,Japan,Australia,333750
2014,Malaysia,Australia,326730
2014,Mexico,Australia,8450
2014,Nepal,Australia,8110
2014,Netherlands,Australia,46740
2014,New Caledonia,Australia,43050
2014,New Zealand,Australia,1244800
2014,Norway,Australia,22010
2014,Pakistan,Australia,10880
2014,Papua New Guinea,Australia,53980
2014,Philippines,Australia,81820
2014,Poland,Australia,13550
2014,Russian Federation,Australia,19710
2014,Saudi Arabia,Australia,15240
2014,Singapore,Australia,362680
2014,South Africa,Australia,53850
2014,South Korea,Australia,202820
2014,Spain,Australia,29650
2014,Sri Lanka,Australia,21300
2014,Sweden,Australia,42470
2014,Switzerland,Australia,52040
2014,Taiwan,Australia,120120
2014,Thailand,Australia,76780
2014,United Arab Emirates,Australia,35340
2014,United States of America,Australia,561700
2014,Vanuatu,Australia,8690
2014,Vietnam,Australia,48100
2015,Argentina,Australia,11090
2015,Austria,Australia,16880
2015,Bangladesh,Australia,11540
2015,Belgium,Australia,20300
2015,Brazil,Australia,45590
2015,Cambodia,Australia,6640
2015,Canada,Australia,141570
2015,Chile,Australia,18050
2015,China,Australia,1031900
2015,Colombia,Australia,11960
2015,Denmark,Australia,25090
2015,Fiji,Australia,32020
2015,Finland,Australia,14450
2015,France,Australia,124700
2015,Germany,Australia,185280
2015,Hong Kong,Australia,217880
2015,India,Australia,235790
2015,Indonesia,Australia,157530
2015,Iran,Australia,9360
2015,Ireland,Australia,58120
2015,Israel,Australia,12880
2015,Italy,Australia,73370
2015,Japan,Australia,341990
2015,Malaysia,Australia,340680
2015,Mexico,Australia,8860
2015,Nepal,Australia,10570
2015,Netherlands,Australia,46030
2015,New Caledonia,Australia,48630
2015,New Zealand,Australia,1311950
2015,Norway,Australia,21250
2015,Pakistan,Australia,11460
2015,Papua New Guinea,Australia,53660
2015,Philippines,Australia,95240
2015,Poland,Australia,15420
2015,Russian Federation,Australia,13950
2015,Saudi Arabia,Australia,14880
2015,Singapore,Australia,387150
2015,South Africa,Australia,55950
2015,South Korea,Australia,226780
2015,Spain,Australia,35070
2015,Sri Lanka,Australia,26960
2015,Sweden,Australia,43590
2015,Switzerland,Australia,52990
2015,Taiwan,Australia,131230
2015,Thailand,Australia,78110
2015,United Arab Emirates,Australia,38830
2015,United States of America,Australia,618630
2015,Vanuatu,Australia,9360
2015,Vietnam,Australia,57330
2016,Argentina,Australia,18710
2016,Austria,Australia,18890
2016,Bangladesh,Australia,12130
2016,Belgium,Australia,20950
2016,Brazil,Australia,47240
2016,Cambodia,Australia,9250
2016,Canada,Australia,152140
2016,Chile,Australia,23060
2016,China,Australia,1208240
2016,Colombia,Australia,13820
2016,Denmark,Australia,28730
2016,Fiji,Australia,36680
2016,Finland,Australia,15050
2016,France,Australia,129100
2016,Germany,Australia,199260
2016,Hong Kong,Australia,247680
2016,India,Australia,262260
2016,Indonesia,Australia,180600
2016,Iran,Australia,12020
2016,Ireland,Australia,56680
2016,Israel,Australia,13190
2016,Italy,Australia,76400
2016,Japan,Australia,417870
2016,Malaysia,Australia,389960
2016,Mexico,Australia,9130
2016,Nepal,Australia,15070
2016,Netherlands,Australia,50640
2016,New Caledonia,Australia,49380
2016,New Zealand,Australia,1345190
2016,Norway,Australia,21440
2016,Pakistan,Australia,14420
2016,Papua New Guinea,Australia,52450
2016,Philippines,Australia,113050
2016,Poland,Australia,17540
2016,Russian Federation,Australia,13600
2016,Saudi Arabia,Australia,13800
2016,Singapore,Australia,429760
2016,South Africa,Australia,56390
2016,South Korea,Australia,280100
2016,Spain,Australia,40260
2016,Sri Lanka,Australia,30760
2016,Sweden,Australia,44700
2016,Switzerland,Australia,54040
2016,Taiwan,Australia,162960
2016,Thailand,Australia,91720
2016,United Arab Emirates,Australia,40900
2016,United States of America,Australia,716530
2016,Vanuatu,Australia,10320
2016,Vietnam,Australia,70050
2017,Argentina,Australia,23550
2017,Austria,Australia,18440
2017,Bangladesh,Australia,16680
2017,Belgium,Australia,21480
2017,Brazil,Australia,55720
2017,Cambodia,Australia,10270
2017,Canada,Australia,167580
2017,Chile,Australia,24870
2017,China,Australia,1356910
2017,Colombia,Australia,16010
2017,Denmark,Australia,28530
2017,Fiji,Australia,41670
2017,Finland,Australia,16180
2017,France,Australia,129620
2017,Germany,Australia,208350
2017,Hong Kong,Australia,281200
2017,India,Australia,302570
2017,Indonesia,Australia,192790
2017,Iran,Australia,13990
2017,Ireland,Australia,57160
2017,Israel,Australia,14110
2017,Italy,Australia,75300
2017,Japan,Australia,434550
2017,Malaysia,Australia,396770
2017,Mexico,Australia,11420
2017,Nepal,Australia,19960
2017,Netherlands,Australia,55450
2017,New Caledonia,Australia,50420
2017,New Zealand,Australia,1359510
2017,Norway,Australia,22200
2017,Pakistan,Australia,17780
2017,Papua New Guinea,Australia,50530
2017,Philippines,Australia,127300
2017,Poland,Australia,18300
2017,Russian Federation,Australia,15240
2017,Saudi Arabia,Australia,12790
2017,Singapore,Australia,432970
2017,South Africa,Australia,56040
2017,South Korea,Australia,302210
2017,Spain,Australia,40410
2017,Sri Lanka,Australia,35540
2017,Sweden,Australia,47340
2017,Switzerland,Australia,56560
2017,Taiwan,Australia,179930
2017,Thailand,Australia,97870
2017,United Arab Emirates,Australia,45150
2017,United States of America,Australia,780570
2017,Vanuatu,Australia,12690
2017,Vietnam,Australia,93860
2018,Argentina,Australia,28980
2018,Austria,Australia,19050
2018,Bangladesh,Australia,18830
2018,Belgium,Australia,23070
2018,Brazil,Australia,57820
2018,Cambodia,Australia,12340
2018,Canada,Australia,182100
2018,Chile,Australia,30870
2018,China,Australia,1432140
2018,Colombia,Australia,19090
2018,Denmark,Australia,30490
2018,Fiji,Australia,45640
2018,Finland,Australia,16950
2018,France,Australia,142600
2018,Germany,Australia,207120
2018,Hong Kong,Australia,308750
2018,India,Australia,357700
2018,Indonesia,Australia,208910
2018,Iran,Australia,13280
2018,Ireland,Australia,62340
2018,Israel,Australia,15730
2018,Italy,Australia,77900
2018,Japan,Australia,469330
2018,Malaysia,Australia,401170
2018,Mexico,Australia,11860
2018,Nepal,Australia,29140
2018,Netherlands,Australia,59750
2018,New Caledonia,Australia,53770
2018,New Zealand,Australia,1385000
2018,Norway,Australia,24280
2018,Pakistan,Australia,19650
2018,Papua New Guinea,Australia,48720
2018,Philippines,Australia,143700
2018,Poland,Australia,19950
2018,Russian Federation,Australia,16310
2018,Saudi Arabia,Australia,13760
2018,Singapore,Australia,447980
2018,South Africa,Australia,59010
2018,South Korea,Australia,287990
2018,Spain,Australia,47080
2018,Sri Lanka,Australia,42070
2018,Sweden,Australia,45600
2018,Switzerland,Australia,57930
2018,Taiwan,Australia,202820
2018,Thailand,Australia,99410
2018,United Arab Emirates,Australia,41680
2018,United States of America,Australia,789110
2018,Vanuatu,Australia,14560
2018,Vietnam,Australia,110820
2019,Argentina,Australia,23830
2019,Austria,Australia,19520
2019,Bangladesh,Australia,20250
2019,Belgium,Australia,23600
2019,Brazil,Australia,57950
2019,Cambodia,Australia,15730
2019,Canada,Australia,189610
2019,Chile,Australia,29590
2019,China,Australia,1438670
2019,Colombia,Australia,21760
2019,Denmark,Australia,29650
2019,Fiji,Australia,45670
2019,Finland,Australia,16370
2019,France,Australia,143730
2019,Germany,Australia,207090
2019,Hong Kong,Australia,315150
2019,India,Australia,399300
2019,Indonesia,Australia,221730
2019,Iran,Australia,10610
2019,Ireland,Australia,67280
2019,Israel,Australia,16280
2019,Italy,Australia,75210
2019,Japan,Australia,498640
2019,Malaysia,Australia,384900
2019,Mexico,Australia,13280
2019,Nepal,Australia,38110
2019,Netherlands,Australia,64750
2019,New Caledonia,Australia,54570
2019,New Zealand,Australia,1433770
2019,Norway,Australia,23390
2019,Pakistan,Australia,20910
2019,Papua New Guinea,Australia,49390
2019,Philippines,Australia,158550
2019,Poland,Australia,21060
2019,Russian Federation,Australia,17910
2019,Saudi Arabia,Australia,14510
2019,Singapore,Australia,478500
2019,South Africa,Australia,61310
2019,South Korea,Australia,280480
2019,Spain,Australia,47460
2019,Sri Lanka,Australia,43960
2019,Sweden,Australia,42610
2019,Switzerland,Australia,54730
2019,Taiwan,Australia,194610
2019,Thailand,Australia,102700
2019,United Arab Emirates,Australia,40380
2019,United States of America,Australia,817990
2019,Vanuatu,Australia,17110
2019,Vietnam,Australia,123460
2020,Argentina,Australia,6870
2020,Austria,Australia,4750
2020,Bangladesh,Australia,4530
2020,Belgium,Australia,5750
2020,Brazil,Australia,13060
2020,Cambodia,Australia,2860
2020,Canada,Australia,52290
2020,Chile,Australia,7730
2020,China,Australia,207690
2020,Colombia,Australia,5900
2020,Denmark,Australia,8770
2020,Fiji,Australia,8600
2020,Finland,Australia,3970
2020,France,Australia,34710
2020,Germany,Australia,53030
2020,Hong Kong,Australia,60930
2020,India,Australia,83960
2020,Indonesia,Australia,34360
2020,Iran,Australia,1910
2020,Ireland,Australia,17080
2020,Israel,Australia,3790
2020,Italy,Australia,14980
2020,Japan,Australia,91720
2020,Malaysia,Australia,44790
2020,Mexico,Australia,3030
2020,Nepal,Australia,7780
2020,Netherlands,Australia,15260
2020,New Caledonia,Australia,14010
2020,New Zealand,Australia,242440
2020,Norway,Australia,5810
2020,Pakistan,Australia,5930
2020,Papua New Guinea,Australia,9300
2020,Philippines,Australia,26530
2020,Poland,Australia,6430
2020,Russian Federation,Australia,5090
2020,Saudi Arabia,Australia,4350
2020,Singapore,Australia,58320
2020,South Africa,Australia,11220
2020,South Korea,Australia,53520
2020,Spain,Australia,11220
2020,Sri Lanka,Australia,8550
2020,Sweden,Australia,11470
2020,Switzerland,Australia,13310
2020,Taiwan,Australia,35950
2020,Thailand,Australia,15100
2020,United Arab Emirates,Australia,7220
2020,United States of America,Australia,188680
2020,Vanuatu,Australia,3810
2020,Vietnam,Australia,28470
2021,Argentina,Australia,320
2021,Austria,Australia,390
2021,Bangladesh,Australia,630
2021,Belgium,Australia,490
2021,Brazil,Australia,650
2021,Cambodia,Australia,150
2021,Canada,Australia,3280
2021,Chile,Australia,170
2021,China,Australia,6550
2021,Colombia,Australia,170
2021,Denmark,Australia,600
2021,Fiji,Australia,1150
2021,Finland,Australia,240
2021,France,Australia,2980
2021,Germany,Australia,3120
2021,Hong Kong,Australia,3090
2021,India,Australia,12960
2021,Indonesia,Australia,2830
2021,Iran,Australia,400
2021,Ireland,Australia,1890
2021,Israel,Australia,840
2021,Italy,Australia,1770
2021,Japan,Australia,1870
2021,Malaysia,Australia,2340
2021,Mexico,Australia,130
2021,Nepal,Australia,1400
2021,Netherlands,Australia,1670
2021,New Caledonia,Australia,600
2021,New Zealand,Australia,96760
2021,Norway,Australia,500
2021,Pakistan,Australia,1130
2021,Papua New Guinea,Australia,1170
2021,Philippines,Australia,4460
2021,Poland,Australia,500
2021,Russian Federation,Australia,490
2021,Saudi Arabia,Australia,610
2021,Singapore,Australia,15830
2021,South Africa,Australia,830
2021,South Korea,Australia,2060
2021,Spain,Australia,1030
2021,Sri Lanka,Australia,1640
2021,Sweden,Australia,820
2021,Switzerland,Australia,1190
2021,Taiwan,Australia,480
2021,Thailand,Australia,1390
2021,United Arab Emirates,Australia,2790
2021,United States of America,Australia,16760
2021,Vanuatu,Australia,4890
2021,Vietnam,Australia,1300
2022,Argentina,Australia,12010
2022,Austria,Australia,8580
2022,Bangladesh,Australia,14170
2022,Belgium,Australia,10650
2022,Brazil,Australia,29400
2022,Cambodia,Australia,8720
2022,Canada,Australia,88010
2022,Chile,Australia,11060
2022,China,Australia,89250
2022,Colombia,Australia,21830
2022,Denmark,Australia,14820
2022,Fiji,Australia,28120
2022,Finland,Australia,6120
2022,France,Australia,60520
2022,Germany,Australia,85350
2022,Hong Kong,Australia,53720
2022,India,Australia,303330
2022,Indonesia,Australia,90840
2022,Iran,Australia,8890
2022,Ireland,Australia,46240
2022,Israel,Australia,9720
2022,Italy,Australia,36320
2022,Japan,Australia,79390
2022,Malaysia,Australia,85260
2022,Mexico,Australia,5740
2022,Nepal,Australia,39370
2022,Netherlands,Australia,31400
2022,New Caledonia,Australia,28630
2022,New Zealand,Australia,697630
2022,Norway,Australia,10970
2022,Pakistan,Australia,18260
2022,Papua New Guinea,Australia,20800
2022,Philippines,Australia,80290
2022,Poland,Australia,7810
2022,Russian Federation,Australia,5070
2022,Saudi Arabia,Australia,6050
2022,Singapore,Australia,295800
2022,South Africa,Australia,36260
2022,South Korea,Australia,72510
2022,Spain,Australia,23770
2022,Sri Lanka,Australia,27800
2022,Sweden,Australia,17350
2022,Switzerland,Australia,22590
2022,Taiwan,Australia,26160
2022,Thailand,Australia,52660
2022,United Arab Emirates,Australia,23450
2022,United States of America,Australia,326030
2022,Vanuatu,Australia,10490
2022,Vietnam,Australia,69820
2023,Argentina,Australia,22920
2023,Austria,Australia,16150
2023,Bangladesh,Australia,20630
2023,Belgium,Australia,17190
2023,Brazil,Australia,48350
2023,Cambodia,Australia,18550
2023,Canada,Australia,157190
2023,Chile,Australia,23840
2023,China,Australia,535790
2023,Colombia,Australia,39570
2023,Denmark,Australia,26000
2023,Fiji,Australia,55040
2023,Finland,Australia,11140
2023,France,Australia,114160
2023,Germany,Australia,151870
2023,Hong Kong,Australia,183700
2023,India,Australia,395560
2023,Indonesia,Australia,201500
2023,Iran,Australia,11480
2023,Ireland,Australia,79190
2023,Israel,Australia,13930
2023,Italy,Australia,62300
2023,Japan,Australia,297720
2023,Malaysia,Australia,175550
2023,Mexico,Australia,12250
2023,Nepal,Australia,54800
2023,Netherlands,Australia,51920
2023,New Caledonia,Australia,43870
2023,New Zealand,Australia,1272140
2023,Norway,Australia,17990
2023,Pakistan,Australia,25660
2023,Papua New Guinea,Australia,39940
2023,Philippines,Australia,157570
2023,Poland,Australia,14890
2023,Russian Federation,Australia,10630
2023,Saudi Arabia,Australia,9430
2023,Singapore,Australia,364010
2023,South Africa,Australia,46110
2023,South Korea,Australia,288010
2023,Spain,Australia,42160
2023,Sri Lanka,Australia,41240
2023,Sweden,Australia,28110
2023,Switzerland,Australia,42600
2023,Taiwan,Australia,122790
2023,Thailand,Australia,96710
2023,United Arab Emirates,Australia,37090
2023,United States of America,Australia,659740
2023,Vanuatu,Australia,18780
2023,Vietnam,Australia,166630
2024,Argentina,Australia,23960
2024,Austria,Australia,17500
2024,Bangladesh,Australia,21770
2024,Belgium,Australia,18420
2024,Brazil,Australia,45610
2024,Cambodia,Australia,19440
2024,Canada,Australia,165010
2024,Chile,Australia,25980
2024,China,Australia,891550
2024,Colombia,Australia,24950
2024,Denmark,Australia,27540
2024,Fiji,Australia,55680
2024,Finland,Australia,12000
2024,France,Australia,127860
2024,Germany,Australia,168580
2024,Hong Kong,Australia,216240
2024,India,Australia,443460
2024,Indonesia,Australia,224250
2024,Iran,Australia,9720
2024,Ireland,Australia,86500
2024,Israel,Australia,13850
2024,Italy,Australia,65950
2024,Japan,Australia,397330
2024,Malaysia,Australia,203080
2024,Mexico,Australia,14530
2024,Nepal,Australia,59590
2024,Netherlands,Australia,51610
2024,New Caledonia,Australia,36730
2024,New Zealand,Australia,1392960
2024,Norway,Australia,20200
2024,Pakistan,Australia,22870
2024,Papua New Guinea,Australia,46590
2024,Philippines,Australia,174790
2024,Poland,Australia,18110
2024,Russian Federation,Australia,10940
2024,Saudi Arabia,Australia,10600
2024,Singapore,Australia,417900
2024,South Africa,Australia,48440
2024,South Korea,Australia,374560
2024,Spain,Australia,46580
2024,Sri Lanka,Australia,47820
2024,Sweden,Australia,29260
2024,Switzerland,Australia,44410
2024,Taiwan,Australia,164470
2024,Thailand,Australia,96430
2024,United Arab Emirates,Australia,39300
2024,United States of America,Australia,712380
2024,Vanuatu,Australia,18130
2024,Vietnam,Australia,173100
2025,Argentina,Australia,14800
2025,Austria,Australia,9900
2025,Bangladesh,Australia,13640
2025,Belgium,Australia,11150
2025,Brazil,Australia,23070
2025,Cambodia,Australia,11210
2025,Canada,Australia,96730
2025,Chile,Australia,15570
2025,China,Australia,622550
2025,Colombia,Australia,11640
2025,Denmark,Australia,14750
2025,Fiji,Australia,29750
2025,Finland,Australia,6080
2025,France,Australia,75720
2025,Germany,Australia,92820
2025,Hong Kong,Australia,135890
2025,India,Australia,260300
2025,Indonesia,Australia,138910
2025,Iran,Australia,5090
2025,Ireland,Australia,53250
2025,Israel,Australia,9040
2025,Italy,Australia,36200
2025,Japan,Australia,206800
2025,Malaysia,Australia,110430
2025,Mexico,Australia,8190
2025,Nepal,Australia,30330
2025,Netherlands,Australia,28530
2025,New Caledonia,Australia,27480
2025,New Zealand,Australia,773460
2025,Norway,Australia,10550
2025,Pakistan,Australia,15590
2025,Papua New Guinea,Australia,24940
2025,Philippines,Australia,104960
2025,Poland,Australia,11700
2025,Russian Federation,Australia,7020
2025,Saudi Arabia,Australia,8040
2025,Singapore,Australia,236620
2025,South Africa,Australia,24660
2025,South Korea,Australia,208750
2025,Spain,Australia,24580
2025,Sri Lanka,Australia,26280
2025,Sweden,Australia,15140
2025,Switzerland,Australia,23980
2025,Taiwan,Australia,111260
2025,Thailand,Australia,57430
2025,United Arab Emirates,Australia,23500
2025,United States of America,Australia,428080
2025,Vanuatu,Australia,10400
2025,Vietnam,Australia,97210
